{
  "nominals": [
    0.5,
    0.55,
    0.6,
    0.65,
    0.7,
    0.75,
    0.8,
    0.85,
    0.9,
    0.95
  ],
  "coverage_exchangeable": [
    0.538,
    0.597,
    0.608,
    0.656,
    0.69,
    0.746,
    0.8,
    0.841,
    0.925,
    0.963
  ],
  "coverage_drift5": [
    0.125,
    0.155,
    0.17,
    0.195,
    0.215,
    0.255,
    0.304,
    0.354,
    0.491,
    0.636
  ],
  "drifts": [
    0.0,
    0.01,
    0.02,
    0.03,
    0.04,
    0.05,
    0.06,
    0.07,
    0.08
  ],
  "coverage_at_90_vs_drift": [
    0.925,
    0.949,
    0.93,
    0.838,
    0.693,
    0.491,
    0.325,
    0.173,
    0.068
  ],
  "n_claims": [
    4,
    8,
    16,
    24,
    32,
    48,
    64
  ],
  "audit_latency_ms": [
    0.5372000014176592,
    2.545700001064688,
    5.396799999289215,
    8.607600000686944,
    13.317199998709839,
    17.835300001024734,
    23.993399998289533
  ],
  "n_cal": 300,
  "n_test": 1000,
  "seed": 0
}